ID,name,createdAt,createdBy,modifiedAt,modifiedBy
21425153-99c6-4f1c-b75a-bfa4d83bbec7,name-21425153,2017-08-04T00:00:00.000Z,createdBy.cr7r5@example.com,2007-04-27T00:00:00.000Z,modifiedBy.cr7r5@example.com
19764564-266f-4a1d-a47b-e24a1a21f52c,name-19764564,2019-01-13T00:00:00.000Z,createdBy.brmfo@example.com,2006-09-22T00:00:00.000Z,modifiedBy.brmfo@example.com
19764565-6bec-4b8a-9923-0edf172e4132,name-19764565,2009-03-14T00:00:00.000Z,createdBy.brmfp@example.org,2008-05-16T00:00:00.000Z,modifiedBy.brmfp@example.net
19764566-5828-4c71-8c38-849ce053dfaf,name-19764566,2023-07-22T00:00:00.000Z,createdBy.brmfq@example.net,2001-06-24T00:00:00.000Z,modifiedBy.brmfq@example.com
19764567-41e5-463e-93c3-69376f1cf30d,name-19764567,2016-07-21T00:00:00.000Z,createdBy.brmfr@example.org,2023-05-24T00:00:00.000Z,modifiedBy.brmfr@example.net
19764568-e634-4fab-9ab9-64c46ad52f61,name-19764568,2011-08-14T00:00:00.000Z,createdBy.brmfs@example.net,2009-06-09T00:00:00.000Z,modifiedBy.brmfs@example.com
19764569-75af-420a-bed6-08687e0c2e25,name-19764569,2002-09-02T00:00:00.000Z,createdBy.brmft@example.com,2022-12-19T00:00:00.000Z,modifiedBy.brmft@example.net
19764570-de85-481e-9df0-93458f8a2429,name-19764570,2001-08-25T00:00:00.000Z,createdBy.brmfu@example.org,2016-05-31T00:00:00.000Z,modifiedBy.brmfu@example.net
19764571-254b-4b63-b069-304c048fd26c,name-19764571,2019-09-29T00:00:00.000Z,createdBy.brmfv@example.org,2019-04-14T00:00:00.000Z,modifiedBy.brmfv@example.com
19764572-f877-4be2-b728-dfc4b597e646,name-19764572,2022-06-17T00:00:00.000Z,createdBy.brmfw@example.net,2013-10-09T00:00:00.000Z,modifiedBy.brmfw@example.com